budget_index,inner_utility_calls,target_total_utility_calls,method,label,aggregate_rmse,rmse_ci_lower,rmse_ci_upper,mean_actual_utility_calls,mean_estimated_utility_seconds,mean_charged_design_seconds,mean_estimated_total_seconds
0,50000,50202,inside_greedy,INSIDE-Greedy,0.0050466030525927125,0.004708541285481985,0.005288333968918456,50202.0,0.5761131879966707,11.264974129696688,11.841087317693358
0,50000,50202,inside_orbit,INSIDE-Orbit,0.005807252914971065,0.00529834836781195,0.0063461890386640974,50202.0,0.5761131879966707,0.0,0.5761131879966707
0,50000,50202,ofa,OFA,0.0068114598454875235,0.00647447253798243,0.0072462222669666026,50202.0,0.5761131879966707,0.0,0.5761131879966707
0,50000,50202,cc,CC,0.010471893662131351,0.009608584287516257,0.011987873749014593,50202.0,0.5761131879966707,0.0,0.5761131879966707
0,50000,50202,s_diff,S-Diff,0.005732468538935349,0.005540783232938333,0.005902923177617521,50202.0,0.5761131879966707,0.0,0.5761131879966707
0,50000,50202,kernel_shap,KernelSHAP,0.0804108943818034,0.07851411010572476,0.08155852523388986,50202.0,0.5761131879966707,0.0,0.5761131879966707
0,50000,50202,tmc_shapley,TMC-Shapley,0.02913642312959811,0.027080388303284204,0.030449295609718516,6937.333333333333,0.07961215136572718,0.0,0.07961215136572718
1,100000,100202,inside_greedy,INSIDE-Greedy,0.0031011697459668273,0.0029402349078731837,0.0032742633907201953,100202.0,1.1499082439672204,20.759702432900667,21.90961067686789
1,100000,100202,inside_orbit,INSIDE-Orbit,0.003317840889202102,0.002780563374135013,0.0036606250797449574,100202.0,1.1499082439672204,0.0,1.1499082439672204
1,100000,100202,ofa,OFA,0.004496621796043617,0.003907810479213613,0.004870362301402265,100202.0,1.1499082439672204,0.0,1.1499082439672204
1,100000,100202,cc,CC,0.006690891260628782,0.006094778256596245,0.0070205410805903295,100202.0,1.1499082439672204,0.0,1.1499082439672204
1,100000,100202,s_diff,S-Diff,0.004111671397414539,0.003572494847906859,0.00472096822718513,100202.0,1.1499082439672204,0.0,1.1499082439672204
1,100000,100202,kernel_shap,KernelSHAP,0.055120283748501496,0.054255231425599904,0.05576093984755305,100202.0,1.1499082439672204,0.0,1.1499082439672204
1,100000,100202,tmc_shapley,TMC-Shapley,0.022194528762619962,0.017887264490236154,0.026028904497503114,14426.666666666666,0.16555900014936922,0.0,0.16555900014936922
2,200000,200202,inside_greedy,INSIDE-Greedy,0.0018850575032842705,0.0017116228613870874,0.002042581925837672,200202.0,2.2974983559083193,86.78868421912193,89.08618257503025
2,200000,200202,inside_orbit,INSIDE-Orbit,0.0020135652056130463,0.0018754872273102875,0.002139787975361259,200202.0,2.2974983559083193,0.0,2.2974983559083193
2,200000,200202,ofa,OFA,0.003375014745595189,0.0031484550515776637,0.0036056722122937064,200202.0,2.2974983559083193,0.0,2.2974983559083193
2,200000,200202,cc,CC,0.004721853776846142,0.004596271285325836,0.004912657626314908,200202.0,2.2974983559083193,0.0,2.2974983559083193
2,200000,200202,s_diff,S-Diff,0.0027234125476628293,0.0026299400552501255,0.002858355445935977,200202.0,2.2974983559083193,0.0,2.2974983559083193
2,200000,200202,kernel_shap,KernelSHAP,0.03735496831686984,0.03583875396388186,0.03900663096206431,200202.0,2.2974983559083193,0.0,2.2974983559083193
2,200000,200202,tmc_shapley,TMC-Shapley,0.01700849591953543,0.01610465188697286,0.017958943828885587,28778.0,0.3302534824144096,0.0,0.3302534824144096
3,500000,500202,inside_greedy,INSIDE-Greedy,0.0010512574025270298,0.0008737392638684998,0.0011964103629532464,500202.0,5.740268691731617,199.67860887944698,205.41887757117857
3,500000,500202,inside_orbit,INSIDE-Orbit,0.0012219944864415358,0.0011502258411875503,0.0012665772555443512,500202.0,5.740268691731617,0.0,5.740268691731617
3,500000,500202,ofa,OFA,0.0020149900995563887,0.0019849232067929673,0.002066479048034946,500202.0,5.740268691731617,0.0,5.740268691731617
3,500000,500202,cc,CC,0.003083997588930556,0.002869383300010515,0.0033407527214186455,500202.0,5.740268691731617,0.0,5.740268691731617
3,500000,500202,s_diff,S-Diff,0.0018135803704523378,0.0017337732598149795,0.0019605418000989165,500202.0,5.740268691731617,0.0,5.740268691731617
3,500000,500202,kernel_shap,KernelSHAP,0.025376342938056823,0.024619542113996536,0.026605177758206384,500202.0,5.740268691731617,0.0,5.740268691731617
3,500000,500202,tmc_shapley,TMC-Shapley,0.010857086036375464,0.01018182935075821,0.01171116421472315,71186.33333333333,0.816927322386764,0.0,0.816927322386764
4,1000000,1000202,inside_greedy,INSIDE-Greedy,0.0007301239785588524,0.0006874867274334743,0.0007979167250143065,1000202.0,11.478219251437116,347.98935490474105,359.46757415617816
4,1000000,1000202,inside_orbit,INSIDE-Orbit,0.0007779618713182123,0.0006714338902355271,0.000904138766437035,1000202.0,11.478219251437116,0.0,11.478219251437116
4,1000000,1000202,ofa,OFA,0.0013775581616714454,0.0013689378068605519,0.0013912927223752349,1000202.0,11.478219251437116,0.0,11.478219251437116
4,1000000,1000202,cc,CC,0.0020743223135304186,0.002024719387045823,0.0021350057116719333,1000202.0,11.478219251437116,0.0,11.478219251437116
4,1000000,1000202,s_diff,S-Diff,0.0012207921206857399,0.0009593837169133204,0.0013580928833210532,1000202.0,11.478219251437116,0.0,11.478219251437116
4,1000000,1000202,kernel_shap,KernelSHAP,0.018637317092835257,0.017085891763270883,0.020152514756130616,1000202.0,11.478219251437116,0.0,11.478219251437116
4,1000000,1000202,tmc_shapley,TMC-Shapley,0.008794713069250639,0.008196548943736675,0.00954612417740001,141395.66666666666,1.6226426893798636,0.0,1.6226426893798636
