lambda0,effective_lambda,K,repeats,metric,mean,sample_std
0.015625,0.015467171717171718,64,3,rmse,0.00534733235113926,0.0008675113232235481
0.015625,0.015467171717171718,64,3,D1,0.02565823509751719,0.0001735410169808279
0.015625,0.015467171717171718,64,3,D2,0.027764393796107244,5.514906001470496e-06
0.015625,0.015467171717171718,64,3,design_seconds,6.020129296661859,0.012609271926003847
0.03125,0.030934343434343436,64,3,rmse,0.005145012494043216,0.0004023367238041148
0.03125,0.030934343434343436,64,3,D1,0.020520583319741107,0.0001787740763834422
0.03125,0.030934343434343436,64,3,D2,0.027910351363575423,8.452242709477671e-06
0.03125,0.030934343434343436,64,3,design_seconds,6.018136939329755,0.020132608607015347
0.0625,0.06186868686868687,64,3,rmse,0.005456733811905646,6.800593317147641e-05
0.0625,0.06186868686868687,64,3,D1,0.01596818799523332,3.084430967607627e-05
0.0625,0.06186868686868687,64,3,D2,0.028226106227588466,1.5040286289707525e-05
0.0625,0.06186868686868687,64,3,design_seconds,6.025611710666756,0.014675741038490718
0.125,0.12373737373737374,64,3,rmse,0.005494163393766945,0.0002500748232501976
0.125,0.12373737373737374,64,3,D1,0.012104102730153297,3.800553705838888e-05
0.125,0.12373737373737374,64,3,D2,0.028789053466808084,1.6525710639698622e-05
0.125,0.12373737373737374,64,3,design_seconds,6.162197112338617,0.23432680768544084
0.25,0.2474747474747475,64,3,rmse,0.005212831831254452,0.0005197897590406863
0.25,0.2474747474747475,64,3,D1,0.009348453340563225,9.420817346669662e-05
0.25,0.2474747474747475,64,3,D2,0.029902014111080687,1.1512833743069881e-05
0.25,0.2474747474747475,64,3,design_seconds,6.031165212994286,0.006007819861902806
0.5,0.494949494949495,64,3,rmse,0.005095669744265417,0.000939353980952047
0.5,0.494949494949495,64,3,D1,0.007282531444984826,4.594983179717795e-05
0.5,0.494949494949495,64,3,D2,0.03182259903885198,1.6075813356184725e-05
0.5,0.494949494949495,64,3,design_seconds,5.999605856995913,0.011284243538430484
1.0,0.98989898989899,64,3,rmse,0.0061511441973899445,0.0008636177424378795
1.0,0.98989898989899,64,3,D1,0.006015971125526946,7.793852819168962e-06
1.0,0.98989898989899,64,3,D2,0.034576114465732645,2.821461861345855e-05
1.0,0.98989898989899,64,3,design_seconds,6.056653424331064,0.018080554643494402
0.0625,0.06186868686868687,8,3,rmse,0.0051859200998074445,0.00029643493786954173
0.0625,0.06186868686868687,8,3,D1,0.021739164627647255,0.0001502666665764284
0.0625,0.06186868686868687,8,3,D2,0.03438958583138325,3.901671137159507e-05
0.0625,0.06186868686868687,8,3,design_seconds,1.631813827669248,0.018935448862564475
0.0625,0.06186868686868687,16,3,rmse,0.005439379586455315,0.00011815367763106601
0.0625,0.06186868686868687,16,3,D1,0.01895697150443522,0.0001807083731915955
0.0625,0.06186868686868687,16,3,D2,0.03196081212492782,2.3916691737962815e-05
0.0625,0.06186868686868687,16,3,design_seconds,2.239950348661902,0.006048755057663761
0.0625,0.06186868686868687,32,3,rmse,0.0051615871021101645,0.00025515328948155986
0.0625,0.06186868686868687,32,3,D1,0.017286426233118136,0.00016341445562969323
0.0625,0.06186868686868687,32,3,D2,0.029931384547122065,6.993702238024418e-06
0.0625,0.06186868686868687,32,3,design_seconds,3.5391570779999406,0.03913647224100159
0.0625,0.06186868686868687,128,3,rmse,0.004702661870273093,0.00015520249124381094
0.0625,0.06186868686868687,128,3,D1,0.014766199747790245,8.77701086898911e-05
0.0625,0.06186868686868687,128,3,D2,0.026718923697947792,2.3451573815551145e-05
0.0625,0.06186868686868687,128,3,design_seconds,10.71941698033091,0.12911623587877616
