degree,method,multiplier,actual_calls,mean,std
2,inside_greedy,500,251002.0,0.05316040657333782,0.0038787203964106907
2,inside_greedy,1000,501002.0,0.03538218637566482,0.0006555349432408708
2,inside_greedy,2000,1001002.0,0.024371601256772842,0.0008874714982259363
2,inside_greedy,3000,1501002.0,0.0192740541205086,0.0007043494901357996
2,inside_greedy,4000,2001002.0,0.015691485882880326,0.0003355999985827314
2,inside_orbit,500,251002.0,0.05095561404332686,0.0004934605545219629
2,inside_orbit,1000,501002.0,0.039942587855433136,0.000882228991788238
2,inside_orbit,2000,1001002.0,0.02533464700156991,0.0002603457410730421
2,inside_orbit,3000,1501002.0,0.02125689934130741,0.001139209717255247
2,inside_orbit,4000,2001002.0,0.018652388075860334,0.0006253983692361488
2,ofa,500,251002.0,0.05927398468822221,0.002024638292829116
2,ofa,1000,501002.0,0.039323292209322444,0.000523346348584286
2,ofa,2000,1001002.0,0.0284348075619197,0.00045039159740546116
2,ofa,3000,1501002.0,0.024120166025716778,0.0005932956137276031
2,ofa,4000,2001002.0,0.020125563705469314,0.00012220485152559819
2,cc,500,251002.0,0.07222344875230498,0.0015214676441177332
2,cc,1000,501002.0,0.04935387931037329,0.0015453522792161205
2,cc,2000,1001002.0,0.03532932211927668,0.0008841718666963065
2,cc,3000,1501002.0,0.029303760692607112,0.0006675259336439503
2,cc,4000,2001002.0,0.023954444583730434,0.00019602964126773294
2,s_diff,500,251002.0,0.08542101663563297,0.0017210090933404039
2,s_diff,1000,501002.0,0.05824544438352266,0.0020126156097941676
2,s_diff,2000,1001002.0,0.040535263316888274,0.0007987422059115586
2,s_diff,3000,1501002.0,0.033552999376205976,0.0005186005254332436
2,s_diff,4000,2001002.0,0.02829163259425478,0.0013079908265661534
3,inside_greedy,500,251002.0,0.058637906828108495,0.004110549787364848
3,inside_greedy,1000,501002.0,0.03888389921421189,0.0006518709766522698
3,inside_greedy,2000,1001002.0,0.027494385215875234,0.0005792912566910637
3,inside_greedy,3000,1501002.0,0.0212063836172196,0.00030859547701443674
3,inside_greedy,4000,2001002.0,0.017509568881365158,0.0005954360198825028
3,inside_orbit,500,251002.0,0.056288953563894024,0.0015424758218074038
3,inside_orbit,1000,501002.0,0.04389546908408618,0.0011687506572341856
3,inside_orbit,2000,1001002.0,0.02801427332434059,0.000745913808341859
3,inside_orbit,3000,1501002.0,0.023941728934065574,0.001432600918771436
3,inside_orbit,4000,2001002.0,0.020878676804643465,0.0007697869066340451
3,ofa,500,251002.0,0.06407119278839975,0.0018182454144967752
3,ofa,1000,501002.0,0.04324708087837679,0.0010538448619887314
3,ofa,2000,1001002.0,0.03125916930139844,0.001161365939679177
3,ofa,3000,1501002.0,0.02673332432722142,0.0008579053679843506
3,ofa,4000,2001002.0,0.022019586682074765,0.0002521183104823575
3,cc,500,251002.0,0.07591244149646593,0.0019659287938688973
3,cc,1000,501002.0,0.05262908185692991,0.0017738038582166978
3,cc,2000,1001002.0,0.03810838937945653,0.000595937339596708
3,cc,3000,1501002.0,0.0313419557561832,0.0009498475550070324
3,cc,4000,2001002.0,0.02589653888001735,0.0006116293440912994
3,s_diff,500,251002.0,0.09300169608948589,0.0018694100505157905
3,s_diff,1000,501002.0,0.06466304518654532,0.0017141220132081577
3,s_diff,2000,1001002.0,0.04485622973667903,0.0007978648798596246
3,s_diff,3000,1501002.0,0.03594643355382299,0.0005878001018319725
3,s_diff,4000,2001002.0,0.030656862333485455,0.0012880491271077396
