state,electoral_votes,exact_shapley_shubik
Alabama,9,0.01638071163988268
Alaska,3,0.005402278557615333
Arizona,11,0.02009373505137589
Arkansas,6,0.010861909878816418
California,54,0.10803683365189873
Colorado,10,0.018233791873322757
Connecticut,7,0.012694842984407564
Delaware,3,0.005402278557615333
District of Columbia,3,0.005402278557615333
Florida,30,0.0568498081914546
Georgia,16,0.029499127487164243
Hawaii,4,0.0072156956366972985
Idaho,4,0.0072156956366972985
Illinois,19,0.035229879168440476
Indiana,11,0.02009373505137589
Iowa,6,0.010861909878816418
Kansas,6,0.010861909878816418
Kentucky,8,0.014534419712331256
Louisiana,8,0.014534419712331256
Maine,4,0.0072156956366972985
Maryland,10,0.018233791873322757
Massachusetts,11,0.02009373505137589
Michigan,15,0.027603689830087194
Minnesota,10,0.018233791873322757
Mississippi,6,0.010861909878816418
Missouri,10,0.018233791873322757
Montana,4,0.0072156956366972985
Nebraska,5,0.009035550311347163
Nevada,6,0.010861909878816418
New Hampshire,4,0.0072156956366972985
New Jersey,14,0.025715514174371793
New Mexico,5,0.009035550311347163
New York,28,0.05284418842671273
North Carolina,16,0.029499127487164243
North Dakota,3,0.005402278557615333
Ohio,17,0.03140191293534549
Oklahoma,7,0.012694842984407564
Oregon,8,0.014534419712331256
Pennsylvania,19,0.035229879168440476
Rhode Island,4,0.0072156956366972985
South Carolina,9,0.01638071163988268
South Dakota,3,0.005402278557615333
Tennessee,11,0.02009373505137589
Texas,40,0.07742825741906877
Utah,6,0.010861909878816418
Vermont,3,0.005402278557615333
Virginia,13,0.023834517335776934
Washington,12,0.02196061751060141
West Virginia,4,0.0072156956366972985
Wisconsin,10,0.018233791873322757
Wyoming,3,0.005402278557615333
