method,label,budget_index,target_total_utility_calls,mean_actual_utility_calls,mean_cold_end_to_end_seconds,min_cold_end_to_end_seconds,max_cold_end_to_end_seconds,mean_estimator_seconds,aggregate_rmse,rmse_bootstrap_95_low,rmse_bootstrap_95_high
inside_greedy,INSIDE-Greedy,0,71286,71286.0,13.649644043296576,13.600844345986843,13.71941489353776,11.556309825430313,0.0006176168058784379,0.000592340611855291,0.0006357515622220753
inside_orbit,INSIDE-Orbit,0,71286,71286.0,8.849034370233616,8.685827028006315,8.951712127774954,6.687746324886878,0.0006353593658662155,0.0006197410028867291,0.000647469999484522
ofa,OFA,0,71286,71286.0,8.072361631939808,7.9351894445717335,8.150612585246563,6.026336502283812,0.0006116600120101447,0.0005685219880496257,0.0006380914701384387
cc,CC,0,71286,71286.0,6.469527603437503,6.343399241566658,6.608846735209227,4.254342745989561,0.001268198201505001,0.0011293120462844734,0.0014783194398106387
s_diff,S-Diff,0,71286,71286.0,10.49598415568471,10.475171692669392,10.533813584595919,8.49834131449461,0.0006457489934256435,0.0006262323008842016,0.0006717812812682115
kernel_shap,KernelSHAP,0,71286,71286.0,7.915865591416757,7.81889370828867,8.045237138867378,5.711227628091971,0.0036699443027068904,0.003410914323324459,0.003833153284665696
tmc_shapley,TMC-Shapley,0,71286,26131.666666666668,6.824066186944644,6.734339360147715,6.86906811222434,4.792733576148748,0.0023982159995749523,0.0021070860672770613,0.0025685193714336807
inside_greedy,INSIDE-Greedy,1,142286,142286.0,19.775033173461754,19.717786766588688,19.834381941705942,17.540733214467764,0.0004225597449252631,0.00039948251688051945,0.00046063327285605357
inside_orbit,INSIDE-Orbit,1,142286,142286.0,10.894974445303282,10.798318825662136,10.94891132041812,8.514370967944464,0.0004123874449319674,0.00040432270400133665,0.0004257379112296194
ofa,OFA,1,142286,142286.0,9.376360218971968,9.274433311074972,9.492624279111624,7.2112924717366695,0.0004629363150431308,0.00045827683781940736,0.00047039533705992725
cc,CC,1,142286,142286.0,7.8469468007485075,7.585764341056347,8.058140933513641,5.560462657362223,0.0006145396575158054,0.0005918279755425483,0.000637543182115269
s_diff,S-Diff,1,142286,142286.0,11.856200414399305,11.791399501264095,11.916057839989662,9.871644716709852,0.0004560277317121886,0.0004399418349585235,0.00046392490749355995
kernel_shap,KernelSHAP,1,142286,142286.0,9.087866857647896,8.737204283475876,9.353813868016005,6.8619134066005545,0.002606711719157409,0.002486917429863001,0.0027964078697383333
tmc_shapley,TMC-Shapley,1,142286,52572.0,7.525260192652543,7.429702319204807,7.589487448334694,5.268714419255654,0.001906327976976885,0.0018611215669378511,0.00195369648497367
inside_greedy,INSIDE-Greedy,2,284286,284286.0,34.041394393891096,33.800613936036825,34.31101716309786,32.15928155556321,0.00028195914192451617,0.0002647778444683148,0.00029942193344066403
inside_orbit,INSIDE-Orbit,2,284286,284286.0,14.642511437336603,14.577481526881456,14.73074720799923,12.700524218380451,0.0002743887084824303,0.0002650101249986683,0.0002919814871093781
ofa,OFA,2,284286,284286.0,11.909278869628906,11.892264865338802,11.928543720394373,9.99396318445603,0.00030037184924047624,0.000293784034960079,0.0003048947739026909
cc,CC,2,284286,284286.0,9.314428909371296,9.18636354804039,9.445040255784988,7.427200047920148,0.00043739329614191,0.0004157534506280572,0.00045423657970046087
s_diff,S-Diff,2,284286,284286.0,14.20910693705082,14.134177219122648,14.336343295872211,12.419790950914225,0.0002949990643180941,0.00027845658693993454,0.0003189849510643018
kernel_shap,KernelSHAP,2,284286,284286.0,10.620581712573767,10.56388970836997,10.7196591719985,8.781166226913532,0.0019568012990506247,0.00172033559845835,0.002092621283219858
tmc_shapley,TMC-Shapley,2,284286,104678.66666666667,8.189979676157236,8.075265131890774,8.375868055969477,6.206399319072564,0.0015793892454091815,0.0015396870593412156,0.0016018787530514024
inside_greedy,INSIDE-Greedy,3,710286,710286.0,126.76061880836885,126.085972327739,127.58439483493567,124.73224746932586,0.00018165054964900274,0.00017138927693586436,0.0001933391129947091
inside_orbit,INSIDE-Orbit,3,710286,710286.0,25.915410889933508,25.744963444769382,26.087885409593582,23.930107846856117,0.0001755709405611259,0.00016391200816358905,0.00018619131397979192
ofa,OFA,3,710286,710286.0,19.67082800467809,19.60748478025198,19.783090878278017,17.633189648389816,0.00019892603178750062,0.00019756179712472486,0.0001998709738182414
cc,CC,3,710286,710286.0,15.965696164717277,15.85535828769207,16.16652102768421,14.109447866678238,0.00027265425708931424,0.0002560434663834842,0.0002964241011615443
s_diff,S-Diff,3,710286,710286.0,21.841536083569128,21.478500217199326,22.16567038744688,19.930733335514862,0.00019322064638493123,0.000189707605787841,0.00019734904035153934
kernel_shap,KernelSHAP,3,710286,710286.0,16.99301661675175,16.806021757423878,17.160917606204748,15.064595454682907,0.001247324139249671,0.0011988392390151299,0.0013054015713908334
tmc_shapley,TMC-Shapley,3,710286,260412.66666666666,9.997985777755579,9.902022741734982,10.109388507902622,8.163241643458605,0.0014561660366119071,0.0014489597194648604,0.001462936499746465
inside_greedy,INSIDE-Greedy,4,1420286,1420286.0,304.80760375286144,302.45034707710147,308.4948154129088,302.8339815872411,0.00012405237731544778,0.00011707233295039041,0.00012979714869199927
inside_orbit,INSIDE-Orbit,4,1420286,1420286.0,45.6317339229087,45.3378586769104,45.79154296964407,43.58843291054169,0.00013244603951920612,0.00012410407208318072,0.00013794831778103607
ofa,OFA,4,1420286,1420286.0,33.17301579068104,33.06561651825905,33.31256316229701,31.17279349764188,0.00015059505598609567,0.0001456736019220796,0.00015679669575781145
cc,CC,4,1420286,1420286.0,26.422414881487686,26.328542925417423,26.496111687272787,24.53090452030301,0.00020244398750399016,0.00019347626014048106,0.00021575860054801432
s_diff,S-Diff,4,1420286,1420286.0,34.69981684163213,34.27700029313564,35.11100698634982,32.72942648579677,0.00014514493541829335,0.00014317104037028306,0.00014745774038185352
kernel_shap,KernelSHAP,4,1420286,1420286.0,27.013285854210455,26.985299561172724,27.055088810622692,25.133669272065163,0.0009312615285829801,0.0008973155518521615,0.0009949117686492387
tmc_shapley,TMC-Shapley,4,1420286,513978.0,13.644532130410274,13.397837150841951,13.828836668282747,11.789126452058554,0.0014219611765870512,0.0013679515990476024,0.0014538971465409248
