budget_index,inner_utility_calls,target_total_utility_calls,method,label,aggregate_rmse,rmse_ci_lower,rmse_ci_upper,mean_actual_utility_calls,mean_estimated_utility_seconds,mean_charged_design_seconds,mean_charged_sdiff_end_to_end_wall_upper_bound_seconds,mean_charged_extra_seconds,mean_estimated_total_seconds
0,71000,71286,inside_greedy,INSIDE-Greedy,0.0005943727251457693,0.0005528262321806531,0.0006473512682852767,71286.0,75.2921179457903,116.75028779730201,0.0,116.75028779730201,192.0424057430923
0,71000,71286,inside_orbit,INSIDE-Orbit,0.0006353593658663042,0.0006197410028869236,0.0006474699994841251,71286.0,75.2921179457903,0.0,0.0,0.0,75.2921179457903
0,71000,71286,ofa,OFA,0.0006116600120098172,0.0005685219880498157,0.0006380914701375941,71286.0,75.2921179457903,0.0,0.0,0.0,75.2921179457903
0,71000,71286,cc,CC,0.001268198201505001,0.0010892591174142899,0.0014783194398106387,71286.0,75.2921179457903,0.0,0.0,0.0,75.2921179457903
0,71000,71286,s_diff,S-Diff,0.0006457489934256435,0.0006262323008842016,0.0006717812812682115,71286.0,75.2921179457903,0.0,2.946424100548029,2.946424100548029,78.23854204633832
0,71000,71286,kernel_shap,KernelSHAP,0.0036699443027068904,0.003410914323324459,0.003833153284665696,71286.0,75.2921179457903,0.0,0.0,0.0,75.2921179457903
0,71000,71286,tmc_shapley,TMC-Shapley,0.0023982159995749523,0.0021070860672770613,0.0025685193714336807,26131.666666666668,27.600209421018764,0.0,0.0,0.0,27.600209421018764
1,142000,142286,inside_greedy,INSIDE-Greedy,0.00041801612276599594,0.0004082586499956441,0.00042971085665590407,142286.0,150.2821633144617,230.1054615713656,0.0,230.1054615713656,380.38762488582734
1,142000,142286,inside_orbit,INSIDE-Orbit,0.0004123874449317491,0.0004043227040002764,0.0004257379112288864,142286.0,150.2821633144617,0.0,0.0,0.0,150.2821633144617
1,142000,142286,ofa,OFA,0.0004629363150425797,0.000458276837819256,0.00047039533705952555,142286.0,150.2821633144617,0.0,0.0,0.0,150.2821633144617
1,142000,142286,cc,CC,0.0006145396575158054,0.0005918279755425483,0.000637543182115269,142286.0,150.2821633144617,0.0,0.0,0.0,150.2821633144617
1,142000,142286,s_diff,S-Diff,0.0004560277317121886,0.0004399418349585235,0.00046392490749355995,142286.0,150.2821633144617,0.0,4.213686019182205,4.213686019182205,154.49584933364392
1,142000,142286,kernel_shap,KernelSHAP,0.002606711719157409,0.002486917429863001,0.0027964078697383333,142286.0,150.2821633144617,0.0,0.0,0.0,150.2821633144617
1,142000,142286,tmc_shapley,TMC-Shapley,0.001906327976976885,0.0018611215669378511,0.00195369648497367,52572.0,55.52643190312386,0.0,0.0,0.0,55.52643190312386
2,284000,284286,inside_greedy,INSIDE-Greedy,0.0002657565418654164,0.00025175668323500764,0.00028958762458554735,284286.0,300.2622540518046,458.8226699344814,0.0,458.8226699344814,759.084923986286
2,284000,284286,inside_orbit,INSIDE-Orbit,0.0002743887084824147,0.0002650101249985906,0.00029198148710953475,284286.0,300.2622540518046,0.0,0.0,0.0,300.2622540518046
2,284000,284286,ofa,OFA,0.0003003718492403485,0.00029378403495959875,0.0003048947739028734,284286.0,300.2622540518046,0.0,0.0,0.0,300.2622540518046
2,284000,284286,cc,CC,0.00043739329614191,0.0004157534506280572,0.00045423657970046087,284286.0,300.2622540518046,0.0,0.0,0.0,300.2622540518046
2,284000,284286,s_diff,S-Diff,0.0002949990643180941,0.00027845658693993454,0.0003189849510643018,284286.0,300.2622540518046,0.0,6.596786030878623,6.596786030878623,306.8590400826832
2,284000,284286,kernel_shap,KernelSHAP,0.0019568012990506247,0.00172033559845835,0.002092621283219858,284286.0,300.2622540518046,0.0,0.0,0.0,300.2622540518046
2,284000,284286,tmc_shapley,TMC-Shapley,0.0015793892454091815,0.0015396870593412156,0.0016018787530514024,104678.66666666667,110.56137975303334,0.0,0.0,0.0,110.56137975303334
3,710000,710286,inside_greedy,INSIDE-Greedy,0.0001819266243968701,0.00016823396884985532,0.00019248417783349344,710286.0,750.2025262638331,1210.104971413811,0.0,1210.104971413811,1960.3074976776443
3,710000,710286,inside_orbit,INSIDE-Orbit,0.00017557094056054747,0.00016391200816130616,0.00018619131398784827,710286.0,750.2025262638331,0.0,0.0,0.0,750.2025262638331
3,710000,710286,ofa,OFA,0.0001989260317854202,0.00019756179711667167,0.00019987097382167203,710286.0,750.2025262638331,0.0,0.0,0.0,750.2025262638331
3,710000,710286,cc,CC,0.00027265425708931424,0.0002560434663834842,0.0002964241011615443,710286.0,750.2025262638331,0.0,0.0,0.0,750.2025262638331
3,710000,710286,s_diff,S-Diff,0.00019322064638493123,0.000189707605787841,0.00019734904035153934,710286.0,750.2025262638331,0.0,13.84235479310155,13.84235479310155,764.0448810569346
3,710000,710286,kernel_shap,KernelSHAP,0.001247324139249671,0.0011988392390151299,0.0013054015713908334,710286.0,750.2025262638331,0.0,0.0,0.0,750.2025262638331
3,710000,710286,tmc_shapley,TMC-Shapley,0.0014561660366119071,0.0014489597194648604,0.001462936499746465,260412.66666666666,275.04729137901467,0.0,0.0,0.0,275.04729137901467
4,1420000,1420286,inside_greedy,INSIDE-Greedy,0.00011670877892371623,0.00011373797098351081,0.00012165121199557972,1420286.0,1500.1029799505475,2504.64562907815,0.0,2504.64562907815,4004.748609028697
4,1420000,1420286,inside_orbit,INSIDE-Orbit,0.00013244603951226917,0.000124104072077271,0.0001379483177702673,1420286.0,1500.1029799505475,0.0,0.0,0.0,1500.1029799505475
4,1420000,1420286,ofa,OFA,0.0001505950559845088,0.00014567360191754982,0.00015679669575358943,1420286.0,1500.1029799505475,0.0,0.0,0.0,1500.1029799505475
4,1420000,1420286,cc,CC,0.00020244398750399016,0.00019347626014048106,0.00021575860054801432,1420286.0,1500.1029799505475,0.0,0.0,0.0,1500.1029799505475
4,1420000,1420286,s_diff,S-Diff,0.00014514493541829335,0.00014317104037028306,0.00014745774038185352,1420286.0,1500.1029799505475,0.0,26.497818794101477,26.497818794101477,1526.600798744649
4,1420000,1420286,kernel_shap,KernelSHAP,0.0009312615285829801,0.0008973155518521615,0.0009949117686492387,1420286.0,1500.1029799505475,0.0,0.0,0.0,1500.1029799505475
4,1420000,1420286,tmc_shapley,TMC-Shapley,0.0014219611765870512,0.0013679515990476024,0.0014538971465409248,513978.0,542.8624442042113,0.0,0.0,0.0,542.8624442042113
