method,target_calls,actual_calls,rmse,status,minimum_call_budget
cc,71286,71286.0,0.001268198201505001,complete,
inside_greedy,71286,71286.0,0.0005943727251457693,complete,
inside_orbit,71286,71286.0,0.0006353593658663042,complete,
kernel_shap,71286,71286.0,0.0036699443027068904,complete,
ofa_iid_linear,71286,71286.0,0.0028711398395113957,complete,
ofa_iid_ratio,71286,71286.0,0.0006116600120098172,complete,
s_diff,71286,71286.0,0.0006457489934256435,complete,
shapdoe_coa,71286,,,budget_infeasible,3109334
shapdoe_ls,71286,60068.0,0.0018746839658019317,complete,
tmc_shapley,71286,26131.666666666668,0.0023982159995749523,complete,
cc,142286,142286.0,0.0006145396575158054,complete,
inside_greedy,142286,142286.0,0.00041801612276599594,complete,
inside_orbit,142286,142286.0,0.0004123874449317491,complete,
kernel_shap,142286,142286.0,0.002606711719157409,complete,
ofa_iid_linear,142286,142286.0,0.002157264141598224,complete,
ofa_iid_ratio,142286,142286.0,0.0004629363150425797,complete,
s_diff,142286,142286.0,0.0004560277317121886,complete,
shapdoe_coa,142286,,,budget_infeasible,3109334
shapdoe_ls,142286,140156.0,0.0011721782005391956,complete,
tmc_shapley,142286,52572.0,0.001906327976976885,complete,
cc,284286,284286.0,0.00043739329614191,complete,
inside_greedy,284286,284286.0,0.0002657565418654164,complete,
inside_orbit,284286,284286.0,0.0002743887084824147,complete,
kernel_shap,284286,284286.0,0.0019568012990506247,complete,
ofa_iid_linear,284286,284286.0,0.0015062391193789023,complete,
ofa_iid_ratio,284286,284286.0,0.0003003718492403485,complete,
s_diff,284286,284286.0,0.0002949990643180941,complete,
shapdoe_coa,284286,,,budget_infeasible,3109334
shapdoe_ls,284286,280310.0,0.0008355400615879438,complete,
tmc_shapley,284286,104678.66666666667,0.0015793892454091815,complete,
cc,710286,710286.0,0.00027265425708931424,complete,
inside_greedy,710286,710286.0,0.0001819266243968701,complete,
inside_orbit,710286,710286.0,0.00017557094056054747,complete,
kernel_shap,710286,710286.0,0.001247324139249671,complete,
ofa_iid_linear,710286,710286.0,0.0009194258265838047,complete,
ofa_iid_ratio,710286,710286.0,0.0001989260317854202,complete,
s_diff,710286,710286.0,0.00019322064638493123,complete,
shapdoe_coa,710286,,,budget_infeasible,3109334
shapdoe_ls,710286,700772.0,0.0005240958551464458,complete,
tmc_shapley,710286,260412.66666666666,0.0014561660366119071,complete,
cc,1420286,1420286.0,0.00020244398750399016,complete,
inside_greedy,1420286,1420286.0,0.00011670877892371623,complete,
inside_orbit,1420286,1420286.0,0.00013244603951226917,complete,
kernel_shap,1420286,1420286.0,0.0009312615285829801,complete,
ofa_iid_linear,1420286,1420286.0,0.0007006561447672681,complete,
ofa_iid_ratio,1420286,1420286.0,0.0001505950559845088,complete,
s_diff,1420286,1420286.0,0.00014514493541829335,complete,
shapdoe_coa,1420286,,,budget_infeasible,3109334
shapdoe_ls,1420286,1401542.0,0.0003813575500121184,complete,
tmc_shapley,1420286,513978.0,0.0014219611765870512,complete,
